apple-food-fruit-39803.jpg, Apple, 0
broccoli.jpg, Broccili, 0
blur-close-up-corn-603030.jpg, Sweetcorn, 0
cherry_tomatoes.jpeg, Cherry Tomatoes, 0
watermelon.jpeg, Watermelon, 0
blueberries.jpeg, Blueberries, 0
pancakes.jpg, Pancakes, 0
bananas-bunch-food-41957.jpg, Banana, 0
bread-breakfast-eat-33309.jpg, Toast, 0
blur-close-up-cooking-161533.jpg, Beef, 0
baked-bread-breakfast-209206.jpg, Bloomer Bread, 0
pizza.jpeg, Pizza, 0
pasta.jpeg, pasta, 0
oatmeal.jpeg, oatmeal, 0
cheese.jpeg, cheese, 0
boiled_eggs.jpeg, boiled_eggs, -
chicken.jpeg, chicken, 0
rice.jpeg, rice, 0
milk.jpg, milk, 0
salmon.jpg, salmon, 0
barbecue-bbq-close-up-72160.jpg, bbq, 0
peas.jpg, peas, 0
chip-cirspy-delicious-1583884.jpg, chips, 0




